"","facebook_S_alphas","facebook_S_gammas","facebook_S_scales","facebook_S_shapes","newsletter_alphas","newsletter_gammas","newsletter_scales","newsletter_shapes","ooh_S_alphas","ooh_S_gammas","ooh_S_scales","ooh_S_shapes","print_S_alphas","print_S_gammas","print_S_scales","print_S_shapes","search_S_alphas","search_S_gammas","search_S_scales","search_S_shapes","tv_S_alphas","tv_S_gammas","tv_S_scales","tv_S_shapes","train_size","rsq_train","rsq_val","rsq_test","nrmse_train","nrmse_val","nrmse_test","nrmse","decomp.rssd","mape","lambda","lambda_hp","lambda_max","lambda_min_ratio","pos","Elapsed","ElapsedAccum","solID","trial","iterNG","iterPar","iterations","coef0","mape.qt10","robynPareto","error_score","cluster","top_sol"
"1",2.8674575,0.9979091,0.0464525,0.844274,1.7281,0.8002578,0.0110598,1.038126,0.5840135,0.4414273,0.02757,1.512404,2.8327325,0.9129424,0.00896637,1.164922,1.30934,0.7885069,0.077056,1.21659,2.0570675,0.6452722,0.00737161,1.02744,0.6439094,0.813089499448738,0.648147341626851,0.889574251312349,0.0992030841232991,0.722177185715045,0.481061138596212,0.722177185715045,0.0299129336364107,0,839508.68673138,0.0127219,65481090.2533626,1e-04,1,0.203396081924438,282.097363233566,"1_233_1",1,233,1,1625,FALSE,TRUE,3,0.0353781336627971,2,FALSE
"2",2.8674575,0.9979091,0.0464525,0.950944,1.45747,0.7077262,0.0454332,1.038126,0.5840135,0.4414273,0.02757,1.512404,2.8327325,0.9129424,0.00896637,1.164922,1.30934,0.7885069,0.077056,1.21659,2.0570675,0.6452722,0.00737161,1.02744,0.6439094,0.809393487891558,0.624476772041099,0.857809321776228,0.100179115066428,0.746073731029898,0.545884372400922,0.746073731029898,0.0305396832578392,0,839508.68673138,0.0127219,65481090.2533626,1e-04,1,0.145451068878174,287.143394231796,"1_237_3",1,237,3,1655,FALSE,TRUE,4,0.0435415672951624,2,FALSE
"3",2.87558,0.9220032,0.0376026,0.695092,1.457175,0.8491269,0.0157178,1.148714,0.547214,0.33514581,0.0236432,1.474688,2.742745,0.9025929,0.0180926,1.219652,2.1540775,0.7768596,0.0708249,1.188472,2.0128925,0.6600562,0.00703762,1.018062,0.6440963,0.92052041553137,0.768430996885622,0.951864176166427,0.064689846081501,0.585873101521999,0.317613755630009,0.585873101521999,0.0252521200336361,0,131432.286475181,0.00190737,65481090.2533626,1e-04,1,0.159302949905396,298.855088233948,"1_247_3",1,247,3,1725,FALSE,TRUE,2,0.0148579464489798,4,FALSE
"4",2.811045,0.9309317,0.0217636,0.998372,1.55269,0.5192309,0.0138782,1.005472,0.541663,0.3919142,0.0280616,1.47844,2.774165,0.9395214,0.00434403,1.172624,1.327205,0.6935057,0.0747167,1.23393,2.05446,0.636798,0.00484872,1.05468,0.65594,0.919393378871569,0.777431758331238,0.952576865888017,0.0649325625014911,0.572850922267548,0.282264542488717,0.572850922267548,0.068739161172584,0,143068.422105072,0.00208509,65481090.2533626,1e-04,1,0.244993925094604,309.47018122673,"1_254_7",1,254,7,1778,FALSE,TRUE,3,0.0161125774868962,3,FALSE
"5",2.9742925,0.8194175,0.0302794,0.94223,1.741985,0.9919192,0.00391474,1.28004,0.52990525,0.3920955,0.0282397,1.50555,2.8053175,0.8965911,0.00512454,1.56268,1.327195,0.8625081,0.0791082,1.196878,2.073975,0.6440521,0.00619356,0.90428,0.6477305,0.918793109401836,0.788939952817922,0.958759046818316,0.0652368112278839,0.562286543787213,0.278559634920016,0.562286543787213,0.0724084896841718,0,145449.07645744,0.00212145,65481090.2533626,1e-04,1,0.171375036239624,311.903704166412,"1_256_6",1,256,6,1791,FALSE,TRUE,1,0.016437153177199,5,FALSE
"6",2.9016175,0.8198949,0.0526686,0.72998,1.4702925,0.5133593,0.0137077,1.145372,0.5432245,0.36994232,0.0283646,1.48069,2.758945,0.8952233,0.0130472,1.260722,1.5509625,0.8665037,0.0782481,1.184558,2.068425,0.6457314,0.00622931,0.897926,0.6485606,0.920538625396459,0.777425670498375,0.957745926572283,0.0645318804476924,0.577420517823215,0.28196040697553,0.577420517823215,0.0526976825413849,0,129580.011677917,0.00187908,65481090.2533626,1e-04,1,0.21415901184082,313.450148105621,"1_257_6",1,257,6,1798,FALSE,TRUE,3,0.0136482360058488,3,FALSE
"7",2.6961325,0.699707,0.0793412,0.88738,1.561625,0.5457525,0.0142505,1.122406,0.53798175,0.3809732,0.0287938,1.473244,2.7748225,0.9350309,0.0101511,1.226526,1.47216,0.6757201,0.0729152,1.208366,1.9283875,0.6314052,0.0113303,0.95131,0.6483119,0.852866580132929,0.671136327941308,0.908945856196449,0.0878116117403323,0.701879609637274,0.413907880285878,0.701879609637274,0.0359002827065681,0,583837.801857379,0.00881701,65481090.2533626,1e-04,1,0.243889093399048,313.70870923996,"1_257_7",1,257,7,1799,FALSE,TRUE,3,0.0272210587861138,2,FALSE
"8",2.790215,0.9873811,0.00971074,0.97046,1.542195,0.7878454,0.0154863,1.008146,0.54485475,0.36407709,0.0242846,1.473638,2.761205,0.9454175,0.00434403,1.172624,1.327205,0.62179,0.0687781,1.237062,2.010035,0.6482577,0.00549537,1.150788,0.6523685,0.918498507859027,0.779876219464663,0.954446771910494,0.0653550368251098,0.574233012699358,0.292761131197052,0.574233012699358,0.0724647648249904,0,144550.110993799,0.00210772,65481090.2533626,1e-04,1,0.148602962493896,315.474228143692,"1_259_2",1,259,2,1808,FALSE,TRUE,5,0.017536439400227,3,FALSE
"9",2.8921425,0.8181561,0.0651399,0.47529,1.4253475,0.8414255,0.0239493,1.082858,0.5608165,0.33453625,0.0237668,1.482842,2.744445,0.8709494,0.0224115,1.30581,2.1866375,0.9129263,0.0745376,1.217072,2.0516375,0.6428866,0.00454753,1.052648,0.640904,0.925297608880829,0.789956593590164,0.963361206063035,0.0623820700333528,0.577986744092564,0.276926437461698,0.577986744092564,0.0396961777806741,0,95952.2868325859,0.00136548,65481090.2533626,1e-04,1,0.163727045059204,316.897753238678,"1_260_3",1,260,3,1816,FALSE,TRUE,3,0.0114450466233077,3,TRUE
"10",2.9742925,0.8194175,0.0302794,0.94223,1.741985,0.9872215,0.0037783,1.39196,0.5311545,0.3745178,0.0284821,1.507352,2.7931425,0.8611522,0.0120871,1.633158,1.5062,0.9990935,0.0819334,1.157378,2.0851475,0.6440521,0.00619356,0.90428,0.6477305,0.918028925835364,0.787602712618609,0.95921868313805,0.065543042412626,0.564065006697236,0.277002992036045,0.564065006697236,0.064680954006074,0,145449.07645744,0.00212145,65481090.2533626,1e-04,1,0.165173053741455,317.828329086304,"1_261_1",1,261,1,1821,FALSE,TRUE,1,0.0150509508157839,5,FALSE
"11",2.877125,0.7613679,0.0685017,0.755094,1.52272,0.32138374,0.0101638,1.159214,0.5388425,0.4097698,0.0328511,1.51062,2.7604725,0.8662538,0.0215252,1.169766,1.6014125,0.9952008,0.0818548,1.150654,2.0873675,0.6434655,0.0061167,0.797742,0.6524189,0.918688154340028,0.775636011342779,0.958375307654596,0.0652789549586642,0.579737310004946,0.279852606174169,0.579737310004946,0.0592658872300519,0,141590.006943453,0.00206251,65481090.2533626,1e-04,1,0.152069807052612,320.60468506813,"1_263_1",1,263,1,1835,FALSE,TRUE,5,0.0144303907653341,4,FALSE
"12",2.6042525,0.7676539,0.0601015,0.778326,1.4885175,0.5682253,0.0153095,1.267738,0.546428,0.33554985,0.0249093,1.477408,2.733445,0.8656532,0.0255189,1.252118,2.252255,0.9293441,0.0750369,1.145772,2.03464,0.6583664,0.00723646,0.889862,0.6517208,0.920542524271368,0.772172869120933,0.955856117944489,0.064530297258268,0.584194407910712,0.288196763165001,0.584194407910712,0.0340341827262983,0,130972.000443906,0.00190034,65481090.2533626,1e-04,1,0.150003910064697,322.160860300064,"1_264_3",1,264,3,1844,FALSE,TRUE,2,0.0120353324588317,4,FALSE
"13",2.8910475,0.8429067,0.0594262,0.52119,1.3974325,0.8334273,0.0243082,1.09317,0.56148375,0.33788414,0.0259282,1.490974,2.7530325,0.8683279,0.0218082,1.29555,2.1259975,0.9269886,0.0753541,1.202266,2.05295,0.6461815,0.00503701,0.996134,0.6408407,0.92477751596326,0.789229692353,0.964192485354799,0.0625988515635926,0.578986005193234,0.273766890497295,0.578986005193234,0.0482925232910101,0,99961.9477935051,0.00142672,65481090.2533626,1e-04,1,0.202053070068359,323.075319290161,"1_265_1",1,265,1,1849,FALSE,TRUE,4,0.0122784793376628,3,FALSE
"14",2.808645,0.9428968,0.0122803,0.875642,1.71691,0.7880568,0.00410498,1.29674,0.53178325,0.3741944,0.0274692,1.505176,2.8005825,0.8907041,0.00614606,1.607184,1.4276575,0.8771059,0.0785638,1.191538,2.0677475,0.6454038,0.0060345,1.00684,0.6477305,0.917931865573417,0.787488180055208,0.958396858008159,0.0655818350164624,0.564217068677612,0.279780152744868,0.564217068677612,0.109380379721472,0,145817.043384292,0.00212707,65481090.2533626,1e-04,1,0.177337884902954,323.456048250198,"1_265_3",1,265,3,1851,FALSE,TRUE,5,0.0230861283609862,5,FALSE
"15",2.70164,0.7026918,0.0776129,0.683492,1.4515475,0.6787014,0.00696992,1.609868,0.5219783,0.36624254,0.0331589,1.45794,2.73753,0.9085191,0.0284732,1.464842,2.0033725,0.5487177,0.0739955,1.200816,2.07119,0.6410113,0.00647839,0.925504,0.647864,0.915494396191957,0.78034734142653,0.958058839492358,0.0665486175905009,0.573618179783362,0.280914436729037,0.573618179783362,0.0741836985488388,0,159628.243304218,0.00233801,65481090.2533626,1e-04,1,0.223289012908936,323.910380125046,"1_265_5",1,265,5,1853,FALSE,TRUE,5,0.0169043956234294,5,FALSE
"16",2.907265,0.9520304,0.0375653,0.771536,1.606775,0.6833746,0.0401891,1.038974,0.560721,0.3717325,0.0230437,1.507066,2.79313,0.882043,0.0150138,1.555972,1.9556125,0.8812457,0.0745668,1.224134,2.048835,0.6446072,0.00492822,1.041078,0.6430724,0.913294262999418,0.765432824421763,0.952521973249869,0.0675666272969366,0.59908887403054,0.298699574055799,0.59908887403054,0.0387754567969617,0,182981.70299626,0.00269469,65481090.2533626,1e-04,1,0.17103099822998,324.466767072678,"1_266_1",1,266,1,1856,FALSE,TRUE,3,0.0136657503771182,3,FALSE
"17",2.872955,0.8933641,0.0452903,0.649052,1.598385,0.4259692,0.0111808,1.302192,0.54816525,0.47752,0.03002,1.482606,2.784465,0.9228649,0.00783517,1.203696,1.411925,0.7539178,0.075822,1.21678,2.05896,0.6462641,0.00653911,0.900824,0.6484559,0.917238746703392,0.778046868460453,0.956109458209077,0.0658581934012503,0.576614173546131,0.28736859745287,0.576614173546131,0.0595346145548617,0,150346.572209837,0.00219625,65481090.2533626,1e-04,1,0.162905931472778,326.885349273682,"1_268_1",1,268,1,1870,FALSE,TRUE,5,0.0151172044560206,3,FALSE
"18",2.9474775,0.8226599,0.0307837,0.956328,1.5137075,0.8644639,0.00856501,1.00436,0.55466425,0.4130794,0.0254182,1.506828,2.81448,0.9289444,0.000108175,1.369996,1.371565,0.7124358,0.0745444,1.234578,2.0672625,0.641152,0.00567787,0.910368,0.6498809,0.923234513980169,0.787728537351341,0.958257416296983,0.0634277470670065,0.563897905120989,0.280248631638044,0.563897905120989,0.0755711365357069,0,142249.990328268,0.00207259,65481090.2533626,1e-04,1,0.156193017959595,327.362425088882,"1_268_4",1,268,4,1873,FALSE,TRUE,2,0.0170891329415332,3,FALSE
"19",2.669975,0.7686633,0.0322131,0.778326,1.4885175,0.5682253,0.0153095,1.267738,0.546428,0.33554985,0.0249093,1.477408,2.733445,0.8656532,0.0255189,1.252118,2.252255,0.9293441,0.0750369,1.145772,2.03464,0.6583664,0.00723646,0.889862,0.6517208,0.920399306863208,0.774658660854782,0.956978088197803,0.0645884271013552,0.580998632819689,0.284510756364503,0.580998632819689,0.0423432093669828,0,130972.000443906,0.00190034,65481090.2533626,1e-04,1,0.149183988571167,327.52041220665,"1_268_5",1,268,5,1874,FALSE,TRUE,5,0.0125385901344643,4,FALSE
"20",2.90736,0.9545175,0.0196034,0.628504,1.4321025,0.9261514,0.0160445,1.053494,0.54784275,0.33482262,0.0236432,1.474688,2.742745,0.9025929,0.0180926,1.219652,2.1540775,0.654872,0.0674553,1.22263,1.9954925,0.6614086,0.00687855,1.12062,0.6379967,0.918800317415158,0.787006113572164,0.959320296488785,0.0650383771462716,0.582032077725685,0.29179827726696,0.582032077725685,0.0343288567914781,0,131800.253402032,0.00191299,65481090.2533626,1e-04,1,0.157746076583862,327.68697810173,"1_268_6",1,268,6,1875,FALSE,TRUE,2,0.0124670642503791,4,FALSE
"21",2.8910475,0.8429067,0.0594262,0.52119,1.3974325,0.8334273,0.0243082,1.09317,0.56148375,0.33788414,0.0259282,1.490974,2.7530325,0.8672828,0.0184386,1.29555,2.1259975,0.9269886,0.0753541,1.202266,2.05295,0.6461815,0.00503701,0.996134,0.6408407,0.924829726757558,0.78975461555125,0.96296473738081,0.0625771233321553,0.578264573756635,0.278420717531803,0.578264573756635,0.0532025679047653,0,99961.9477935051,0.00142672,65481090.2533626,1e-04,1,0.15182900428772,328.373295068741,"1_269_3",1,269,3,1879,FALSE,TRUE,4,0.0134023596895707,3,FALSE
"22",2.9742925,0.8194175,0.0302794,0.94223,1.741985,0.9872215,0.0037783,1.39196,0.5311545,0.3745178,0.0284821,1.507352,2.7931425,0.8611522,0.0120871,1.633158,1.5062,0.9990935,0.0819334,1.157378,2.0851475,0.6440521,0.00619356,0.90428,0.6445382,0.918401330196371,0.784635062584525,0.961417822993721,0.0655465538617384,0.565003119701405,0.284353424706776,0.565003119701405,0.0784567880949052,0,145449.07645744,0.00212145,65481090.2533626,1e-04,1,0.159087896347046,328.69730424881,"1_269_5",1,269,5,1881,FALSE,TRUE,3,0.0178678381476565,5,FALSE
"23",2.6961325,0.699707,0.0793412,0.88738,1.561625,0.5457525,0.0142505,1.043786,0.5354915,0.34428186,0.0287938,1.473244,2.7748225,0.9350309,0.0101511,1.226526,1.47216,0.6757201,0.0729152,1.208366,1.9283875,0.6314052,0.0113303,0.95131,0.6483119,0.852653931425191,0.672058940384685,0.909574888108879,0.0878750449281161,0.700894372087358,0.412475696752881,0.700894372087358,0.0368621164531768,0,583837.801857379,0.00881701,65481090.2533626,1e-04,1,0.161870956420898,330.015598297119,"1_270_6",1,270,6,1889,FALSE,TRUE,3,0.0270887177445349,2,FALSE
"24",2.749495,0.7418043,0.0405399,1.036906,1.639175,0.9400051,0.0106987,1.068754,0.5540935,0.304508098,0.0222293,1.501162,2.7618175,0.8528523,0.0210668,1.59164,2.0690425,0.7563902,0.0727271,1.215158,2.0300675,0.6556616,0.00678895,0.92538,0.6492335,0.920000398606744,0.783388535245203,0.954026134444921,0.0647500629940342,0.569633332660847,0.294109699979895,0.569633332660847,0.0415151677971338,0,134002.162254346,0.00194662,65481090.2533626,1e-04,1,0.170768022537231,330.926388263702,"1_271_4",1,271,4,1894,FALSE,TRUE,1,0.0134506121765423,3,FALSE
"25",2.972505,0.7477298,0.0551113,0.714552,1.6582275,0.964069,0.0121408,1.256588,0.55014275,0.31834091,0.0216145,1.507954,2.7649975,0.8411147,0.0224974,1.612418,2.0818875,0.9122844,0.0772178,1.22606,2.069825,0.6416091,0.00491265,0.928946,0.6450167,0.924524704598582,0.77298397658667,0.947170247562734,0.0630392060255221,0.580084955503138,0.332739520481245,0.580084955503138,0.0228147283957198,0,109681.643574832,0.00157517,65481090.2533626,1e-04,1,0.155830860137939,332.157211303711,"1_272_4",1,272,4,1901,FALSE,TRUE,1,0.0166066398971075,4,FALSE
"26",2.90569,0.8198389,0.0527704,0.65712,2.03347,0.9078793,0.0108084,1.480092,0.501088265,0.4451247,0.0306133,1.524616,2.8395275,0.8893727,0.00231435,1.663358,0.9149975,0.9288436,0.0743844,1.20498,2.0457,0.6487617,0.00456676,1.02003,0.6430154,0.927153693535652,0.78656131823562,0.932924676012471,0.0619315703420748,0.571471004474302,0.355033768630152,0.571471004474302,0.0540088869248445,0,117192.228304209,0.00168988,65481090.2533626,1e-04,1,0.14894700050354,332.315371274948,"1_272_5",1,272,5,1902,FALSE,TRUE,2,0.0214240337699733,3,FALSE
"27",2.75187,0.6965864,0.0483794,1.011636,1.7214025,0.7379487,0.00440895,1.40966,0.55466425,0.4130794,0.0254182,1.506828,2.78997,0.8451593,0.0156324,1.606498,1.5578175,0.9362503,0.0838252,1.13866,2.09897,0.6421201,0.00624949,0.802938,0.6542603,0.919634287545268,0.780772599598818,0.954924964757612,0.0648354580533863,0.568535301706373,0.275187838909493,0.568535301706373,0.0741011507192927,0,144440.768508418,0.00210605,65481090.2533626,1e-04,1,0.160004138946533,332.484292268753,"1_272_6",1,272,6,1903,FALSE,TRUE,4,0.0164850455164802,5,FALSE
"28",2.8874,0.7815755,0.0794979,0.337108,1.3647075,0.8206859,0.0288839,1.077268,0.574286,0.32434544,0.0236432,1.474688,2.742745,0.9025929,0.0180926,1.219652,2.1540775,0.7768596,0.0708249,1.188472,2.0128925,0.6443664,0.00402082,1.065464,0.6393713,0.928731786610132,0.793835261712533,0.964665868713815,0.0609313030929082,0.572625317030788,0.271951239918119,0.572625317030788,0.0540074768989085,0,74434.7333022709,0.00103684,65481090.2533626,1e-04,1,0.208045959472656,332.943992137909,"1_273_1",1,273,1,1905,FALSE,TRUE,2,0.012965051516768,4,FALSE
"29",2.8472975,0.8241579,0.0419365,0.684346,1.757225,0.9935271,0.00493204,1.542228,0.527994,0.3855841,0.0284821,1.507352,2.7931425,0.8611522,0.0120871,1.633158,1.5062,0.9990935,0.0819334,1.157378,2.0851475,0.6440521,0.00619356,0.907134,0.644357,0.921782507122258,0.785967340692166,0.96376778016973,0.0641741713463699,0.563252813797225,0.275557711919105,0.563252813797225,0.0951836258286826,0,125992.661513829,0.00182429,65481090.2533626,1e-04,1,0.227904081344604,334.376853227615,"1_273_7",1,273,7,1911,FALSE,TRUE,2,0.0202445610507765,5,FALSE
"30",2.60151,0.7526816,0.0313085,1.233404,1.59016,0.8354251,0.00989043,1.047478,0.5406615,0.3974561,0.0311288,1.483316,2.779345,0.9188791,0.00306993,1.267606,0.9899275,0.8162318,0.0808171,1.215584,2.0954525,0.6356234,0.00622931,0.897926,0.6524723,0.918004696364498,0.7837391928021,0.955678854930954,0.0655527284873621,0.569172075595396,0.288774821114785,0.569172075595396,0.0791643926885093,0,152574.016133587,0.00223027,65481090.2533626,1e-04,1,0.214401006698608,336.078917264938,"1_274_7",1,274,7,1918,FALSE,TRUE,5,0.0183079981535379,3,FALSE
"31",2.6961325,0.699707,0.0793412,0.88738,1.5196075,0.8008129,0.0153196,1.183342,0.54056075,0.3814268,0.0302662,1.48044,2.7748225,0.9350309,0.0101511,1.226526,1.47216,0.6757201,0.0729152,1.208366,1.9283875,0.6314052,0.0113303,0.95131,0.6483119,0.853123204461774,0.669390664277169,0.914089991113862,0.0877349995385784,0.703739991588324,0.402045975704876,0.703739991588324,0.0368308617954832,0,583837.801857379,0.00881701,65481090.2533626,1e-04,1,0.267991065979004,336.384679079056,"1_275_1",1,275,1,1919,FALSE,TRUE,4,0.0258033947710353,2,TRUE
"32",2.8931375,0.8813878,0.0444033,0.72698,1.4925225,0.8645682,0.018562,1.070108,0.54650425,0.3964152,0.0290845,1.488076,2.7579875,0.881882,0.0218354,1.383764,1.9704125,0.8643134,0.0740098,1.227264,2.0517075,0.6420179,0.00461531,1.057388,0.642941,0.924141624611268,0.777324443161401,0.946963119904516,0.0631989834274414,0.583705665199819,0.31570194479208,0.583705665199819,0.00618974166883045,0,108710.00136941,0.00156033,65481090.2533626,1e-04,1,0.260513067245483,337.367176294327,"1_275_5",1,275,5,1923,FALSE,TRUE,1,0.0140994572810517,4,TRUE
"33",2.9837825,0.7549538,0.0314088,1.03817,1.8995675,0.9730857,0.00418802,1.51299,0.52601775,0.3821618,0.0270679,1.522492,2.8078475,0.9228649,0.00783517,1.203696,1.411925,0.7539178,0.075822,1.21678,2.05896,0.6462641,0.00653911,0.804628,0.6511658,0.917181738200045,0.786574241544562,0.957391842583673,0.0658808720737094,0.565429016509118,0.283139339234269,0.565429016509118,0.0744899493333476,0,157411.930052632,0.00230416,65481090.2533626,1e-04,1,0.173704862594604,338.822697162628,"1_276_5",1,276,5,1930,FALSE,TRUE,3,0.017118218757822,5,FALSE
"34",2.849085,0.7524702,0.0667684,0.456668,1.6734675,0.9833204,0.0132946,1.406856,0.54698225,0.31834091,0.0216145,1.507954,2.7649975,0.8411147,0.0224974,1.612418,2.0818875,0.9122844,0.0772178,1.22606,2.069825,0.6416091,0.00491265,0.928946,0.6416432,0.927407201440224,0.783910874371365,0.943082763330912,0.0618237143197256,0.575008270085991,0.327047005017517,0.575008270085991,0.0412359245341851,0,90225.8833766421,0.00127802,65481090.2533626,1e-04,1,0.148633003234863,338.98282122612,"1_276_6",1,276,6,1931,FALSE,TRUE,2,0.0170980777315928,4,FALSE
"35",2.71581,0.8069876,0.0542851,0.78875,1.5184675,0.831699,0.0224384,0.983074,0.55677175,0.3360871,0.0245819,1.491874,2.739495,0.8483891,0.00231435,1.462852,2.3528075,0.7923254,0.0689798,1.237432,2.01538,0.6526544,0.0050819,1.066796,0.6441581,0.930344817992509,0.776936117772512,0.952302379150952,0.060559884687629,0.575013411788216,0.316164756857661,0.575013411788216,0.0348984356862351,0,101249.177292063,0.00144638,65481090.2533626,1e-04,1,0.16438102722168,339.156298160553,"1_276_7",1,276,7,1932,FALSE,TRUE,1,0.0153181590212766,4,FALSE
"36",2.8296425,0.7412933,0.0630906,1.011636,1.683055,0.9342455,0.0115175,1.407416,0.54851875,0.33728865,0.0223753,1.50773,2.76999,0.8419232,0.0211244,1.611234,1.9770725,0.9170773,0.0785393,1.20858,2.075655,0.6417113,0.00518002,0.903744,0.6441665,0.925880732840996,0.778722299458511,0.943602292678361,0.0624703418069819,0.572706577601458,0.34379204499551,0.572706577601458,0.0537608457182441,0,101068.467555744,0.00144362,65481090.2533626,1e-04,1,0.156175136566162,339.366633176804,"1_277_1",1,277,1,1933,FALSE,TRUE,2,0.0201416972199036,4,FALSE
"37",2.7831075,0.7064851,0.0229637,0.909014,1.82488,0.9772059,0.00564003,1.427328,0.52223245,0.4337098,0.0322038,1.51068,2.8317375,0.9082272,0.00210932,1.542968,0.8958525,0.9627908,0.0857041,1.154692,2.11357,0.6345314,0.0058051,0.87692,0.6478235,0.92203219462268,0.792445895284624,0.958323675237579,0.0639225275055189,0.55759688422611,0.280026120830364,0.55759688422611,0.106138717007488,0,149473.141817631,0.00218291,65481090.2533626,1e-04,1,0.17845606803894,339.997291088104,"1_277_4",1,277,4,1936,FALSE,TRUE,3,0.0224998788777142,5,FALSE
"38",2.935665,0.7936204,0.0262438,1.128744,1.6929275,0.9562829,0.00673206,1.152998,0.5459045,0.36393373,0.0262757,1.506612,2.74871,0.8462639,0.0262228,1.599506,1.6569775,0.9327636,0.0794874,1.182012,2.0699,0.6460562,0.00587895,0.904282,0.6486467,0.914249829041061,0.784676787897035,0.954182212336119,0.0670368780946255,0.567936917405448,0.293610035141325,0.567936917405448,0.0687655106524308,0,168520.995618262,0.00247383,65481090.2533626,1e-04,1,0.156564950942993,340.668178081512,"1_278_1",1,278,1,1940,FALSE,TRUE,3,0.0170343752129868,5,FALSE
"39",2.86855,0.8428136,0.0452664,0.602724,1.71673,0.9684944,0.00726667,1.42477,0.52825325,0.4062523,0.0279457,1.507068,2.8098175,0.8827969,0.00683894,1.454634,1.4062325,0.9291495,0.0800857,1.215098,2.088245,0.6407537,0.00642907,0.93933,0.6432275,0.919971744364648,0.782802994907255,0.942575102264362,0.0649127486584624,0.576480406686739,0.328502279973609,0.576480406686739,0.0550891278023734,0,137885.457348927,0.00200593,65481090.2533626,1e-04,1,0.149399042129517,341.323846101761,"1_278_5",1,278,5,1944,FALSE,TRUE,3,0.0186106028973184,3,FALSE
"40",2.8925025,0.874623,0.0607842,0.823032,1.4262025,0.8457389,0.0299172,0.925292,0.57020575,0.34891222,0.0238548,1.488076,2.7579875,0.881882,0.0218354,1.383764,1.9704125,0.8643134,0.0740098,1.227264,2.0517075,0.6420179,0.00461531,1.057388,0.6423995,0.924852011790867,0.775589355646091,0.950767508608181,0.0629023691731963,0.585975369113583,0.30416846053723,0.585975369113583,0.0212356850643007,0,108710.00136941,0.00156033,65481090.2533626,1e-04,1,0.178112030029297,343.444257259369,"1_279_7",1,279,7,1953,FALSE,TRUE,2,0.0130047036557397,4,FALSE
"41",2.8177275,0.7812388,0.0398643,0.925806,1.73307,0.960121,0.00653403,1.201104,0.5408535,0.3267743,0.0233397,1.523492,2.78717,0.8368405,0.0224396,1.623404,1.7254475,0.7918816,0.074727,1.211062,2.041755,0.6538038,0.00669513,0.896408,0.6480062,0.919312628161017,0.78657001887304,0.959694215926372,0.0650278010907647,0.565434610044811,0.275383252111804,0.565434610044811,0.0560529226009478,0,138889.182079999,0.00202126,65481090.2533626,1e-04,1,0.246187925338745,343.999222278595,"1_280_2",1,280,2,1955,FALSE,TRUE,1,0.013565091925006,5,TRUE
"42",2.8836675,0.9268724,0.0248274,0.922606,1.5610475,0.8223617,0.0112841,1.094788,0.529589,0.4586732,0.034243,1.494288,2.7877675,0.9230175,0.00417097,1.29587,1.2889525,0.8239745,0.0761412,1.207422,2.0519925,0.6451161,0.00692914,0.928474,0.6464825,0.914449047727659,0.772741492039293,0.954313995408333,0.0671151782404949,0.580394678346225,0.309425918059923,0.580394678346225,0.0582216811286307,0,173539.619273625,0.00255048,65481090.2533626,1e-04,1,0.202374935150146,344.220212221146,"1_280_3",1,280,3,1956,FALSE,TRUE,5,0.0170097483938058,3,FALSE
"43",2.5867375,0.9334321,0.0163595,1.011282,1.49432,0.5527497,0.0137595,1.18257,0.524026225,0.3948451,0.0275061,1.512586,2.828145,0.9035288,0.0230392,1.53531,1.0150125,0.9853518,0.0876867,1.166048,2.12975,0.6308767,0.00569382,0.83351,0.6434561,0.920502156456341,0.779346980407888,0.961939364327928,0.0646972763475883,0.571897612805723,0.28242498692686,0.571897612805723,0.0689969475409064,0,129600.963531404,0.0018794,65481090.2533626,1e-04,1,0.163275003433228,344.394413232803,"1_280_4",1,280,4,1957,FALSE,TRUE,4,0.0161665468914207,3,FALSE
"44",2.9837825,0.7549538,0.0314088,1.03817,1.8995675,0.9730857,0.00418802,1.51299,0.52601775,0.3821618,0.0270679,1.522492,2.8078475,0.9228649,0.00783517,1.203696,1.411925,0.7539178,0.075822,1.21678,2.05896,0.6444945,0.00626267,0.88435,0.6484175,0.918360924751813,0.788106025568845,0.958778333736463,0.0654101766590381,0.563396284383822,0.278494491115759,0.563396284383822,0.0781207958015301,0,147841.516227395,0.00215799,65481090.2533626,1e-04,1,0.162457227706909,344.883832216263,"1_280_7",1,280,7,1960,FALSE,TRUE,2,0.0174001750115293,5,FALSE
"45",2.78559,0.8593966,0.0582019,0.466612,1.540905,0.9037192,0.0184315,1.406856,0.54698225,0.31834091,0.0216145,1.507954,2.7649975,0.8411147,0.0224974,1.612418,2.0818875,0.9122844,0.0772178,1.22606,2.069825,0.6416091,0.00491265,0.928946,0.6416432,0.927620159055202,0.780333757242898,0.946926940067109,0.0617329649548208,0.579748048984644,0.315809606646896,0.579748048984644,0.0405949334995156,0,90225.8833766421,0.00127802,65481090.2533626,1e-04,1,0.177840948104858,345.092017173767,"1_281_1",1,281,1,1961,FALSE,TRUE,4,0.0157572362909036,4,FALSE
"46",2.8956475,0.8198389,0.0527704,0.65712,2.03347,0.9078793,0.0108084,1.480092,0.501088265,0.4451247,0.0306133,1.524616,2.8395275,0.8893727,0.00231435,1.663358,0.9149975,0.9288436,0.0743844,1.20498,2.0457,0.6487617,0.00456676,1.02003,0.642956,0.927153874466514,0.786579947288263,0.932979558695132,0.0619314934312479,0.571446064768797,0.354888490218143,0.571446064768797,0.0544894073049089,0,117192.228304209,0.00168988,65481090.2533626,1e-04,1,0.214941024780273,345.320866107941,"1_281_2",1,281,2,1962,FALSE,TRUE,2,0.0214523534022103,3,FALSE
"47",2.88609,0.743709,0.0300308,1.052618,1.90242,0.981576,0.00661452,1.417238,0.530881,0.33658508,0.0227616,1.545452,2.82587,0.8292651,0.0371783,1.748464,1.19003,0.820401,0.0811444,1.175486,2.09897,0.6421201,0.00624949,0.802938,0.6523352,0.914616763798154,0.780319872476704,0.950282895528438,0.0668932951061575,0.573654045947046,0.305848779018522,0.573654045947046,0.0600142881503682,0,170112.026992369,0.00249813,65481090.2533626,1e-04,1,0.168546915054321,345.499425172806,"1_281_3",1,281,3,1963,FALSE,TRUE,3,0.0168923719410786,2,FALSE
"48",2.7831075,0.7064851,0.0229637,0.909014,1.82488,0.9772059,0.00564003,1.427328,0.52223245,0.4337098,0.0322038,1.51068,2.84653,0.9350211,0.0177261,1.479698,0.58993675,0.9627908,0.0857041,1.154692,2.11357,0.6345314,0.0058051,0.87692,0.6478235,0.917035921567079,0.787790417478457,0.957962613527932,0.0659388442041451,0.563815707031305,0.281236504305548,0.563815707031305,0.113063977381147,0,149473.141817631,0.00218291,65481090.2533626,1e-04,1,0.14855694770813,346.01761007309,"1_281_6",1,281,6,1966,FALSE,TRUE,5,0.0238459742001668,5,FALSE
"49",2.935665,0.7936204,0.0262438,1.128744,1.6929275,0.9562829,0.00673206,1.152998,0.5459045,0.36393373,0.0227407,1.509126,2.752,0.813793,0.0288126,1.666218,2.14011,0.9743513,0.0799319,1.18565,2.0787775,0.6424988,0.00510591,0.924014,0.6457427,0.922467860137423,0.783865828196035,0.961950659178918,0.0638924010626116,0.566011251376251,0.282383077684098,0.566011251376251,0.107987649636604,0,121449.383034434,0.0017549,65481090.2533626,1e-04,1,0.174931049346924,346.768019199371,"1_282_3",1,282,3,1970,FALSE,TRUE,5,0.0229680305253747,5,FALSE
"50",2.6438025,0.7277315,0.0484872,0.953256,1.655655,0.9252708,0.0116408,1.100298,0.557632,0.3315336,0.0195598,1.516752,2.753565,0.8611522,0.0120871,1.633158,1.5062,0.9990935,0.0819334,1.157378,2.0153075,0.6611412,0.00707112,0.915432,0.6484787,0.921679754317168,0.785178693575988,0.953521401938711,0.0640668401028815,0.567274617543893,0.295719761567307,0.567274617543893,0.0708055173312662,0,127152.870400627,0.00184201,65481090.2533626,1e-04,1,0.155757904052734,346.933412075043,"1_282_4",1,282,4,1971,FALSE,TRUE,3,0.0175227550256075,3,FALSE
"51",2.86855,0.8428136,0.0452664,0.602724,1.71673,0.9684944,0.00726667,1.188772,0.53210325,0.394927,0.0281809,1.505854,2.8062175,0.8938324,0.00546742,1.54107,1.3430025,0.9291495,0.0800857,1.215098,2.088245,0.6407537,0.00642907,0.93933,0.6432275,0.919922255338417,0.784511814134138,0.944662681950966,0.064932816397075,0.574208169882432,0.322475946708416,0.574208169882432,0.0564563224269041,0,137885.457348927,0.00200593,65481090.2533626,1e-04,1,0.243844032287598,347.544882297516,"1_282_7",1,282,7,1974,FALSE,TRUE,3,0.0181262167880783,3,FALSE
"52",2.924215,0.7826808,0.0573269,0.73294,1.5733125,0.805792,0.0260977,0.904718,0.55656225,0.35727827,0.0240804,1.493472,2.7599625,0.883471,0.000715805,1.555972,1.9556125,0.8812457,0.0745668,1.224134,2.048835,0.6446072,0.00492822,0.84862,0.6435896,0.92989649423704,0.78024365996568,0.960625023857959,0.0607544638050119,0.570734404291618,0.287260062378577,0.570734404291618,0.0768618258031142,0,109554.622963072,0.00157323,65481090.2533626,1e-04,1,0.170403003692627,347.946035146713,"1_283_2",1,283,2,1976,FALSE,TRUE,5,0.0178155844380221,3,FALSE
"53",2.60151,0.7526816,0.04726,1.066262,1.761935,0.9986896,0.00540004,1.213682,0.554318,0.33936163,0.0180332,1.513496,2.7709325,0.9188791,0.00306993,1.267606,0.9899275,0.8162318,0.0808171,1.215584,2.0954525,0.6356234,0.00622931,0.897926,0.6524723,0.919214746455599,0.787257080506114,0.956901180127801,0.0650672316902691,0.564523768984152,0.284764945474401,0.564523768984152,0.08591026049106,0,152574.016133587,0.00223027,65481090.2533626,1e-04,1,0.191703081130981,348.399125099182,"1_283_4",1,283,4,1978,FALSE,TRUE,4,0.019165550618148,5,FALSE
"54",2.749495,0.7418043,0.0405399,1.036906,1.639175,0.9318186,0.00412032,1.306326,0.5326005,0.34931472,0.0251555,1.512104,2.8144775,0.8914139,0.023315,1.671502,1.2485525,0.8125365,0.0808298,1.215158,2.0300675,0.6556616,0.00678895,0.92538,0.6492335,0.920207772828667,0.787594612549974,0.960344916826138,0.0646660862825785,0.564075762300016,0.273151298860079,0.564075762300016,0.0569877595873786,0,134002.162254346,0.00194662,65481090.2533626,1e-04,1,0.163447856903076,349.426653146744,"1_284_3",1,284,3,1984,FALSE,TRUE,1,0.0135244627280814,5,FALSE
"55",2.7211725,0.7831239,0.03994,0.94962,1.4770175,0.5211888,0.0133809,1.363306,0.53465825,0.36944546,0.026078,1.499296,2.72826,0.8540535,0.00518625,1.463352,2.5533775,0.9137754,0.0724769,1.234958,2.043895,0.643336,0.00713267,0.892288,0.6501245,0.916098893135065,0.765579973499836,0.948896843975669,0.0663101681005892,0.592586877896755,0.310082815314394,0.592586877896755,0.0393988266794691,0,167136.209051909,0.00245268,65481090.2533626,1e-04,1,0.185111045837402,350.376893281937,"1_285_1",1,285,1,1989,FALSE,TRUE,3,0.014999490775184,3,FALSE
"56",2.9837825,0.73449,0.0579183,0.914376,1.51244,0.8222035,0.0243246,0.830492,0.568972,0.31070573,0.0200769,1.493048,2.7281075,0.8566442,0.0106023,1.377806,2.614905,0.5904811,0.0629833,1.279526,1.9800325,0.6606638,0.00584965,1.031242,0.6511658,0.925924862390097,0.780127236753933,0.953500856628908,0.0623063796729451,0.573905507124058,0.295785114042429,0.573905507124058,0.0402801058814587,0,103324.065532617,0.00147807,65481090.2533626,1e-04,1,0.169965982437134,350.557754278183,"1_285_2",1,285,2,1990,FALSE,TRUE,1,0.0134992905803424,4,FALSE
"57",2.849085,0.7524702,0.0667684,0.456668,1.6734675,0.9833204,0.0132946,1.406856,0.54698225,0.31834091,0.0216145,1.50034,2.70906,0.7968145,0.0224974,1.612418,2.0818875,0.9122844,0.0772178,1.22606,2.069825,0.6416091,0.00491265,0.928946,0.6416432,0.927373773647229,0.78372692563061,0.943951032291346,0.0618379470845993,0.575252959740107,0.324542877218019,0.575252959740107,0.0389478483184881,0,90225.8833766421,0.00127802,65481090.2533626,1e-04,1,0.166543960571289,350.73451423645,"1_285_3",1,285,3,1991,FALSE,TRUE,2,0.0166178033826224,4,FALSE
"58",2.877025,0.7580632,0.0483794,1.011636,1.7214025,0.7379487,0.00440895,1.40966,0.55466425,0.4130794,0.0254182,1.506828,2.78997,0.8451593,0.0156324,1.572266,0.56769675,0.9730703,0.0891008,1.09654,2.1229075,0.6380034,0.00691871,0.84239,0.653981,0.911212151153729,0.775278480527256,0.94741557356046,0.0681481312021823,0.57561532850849,0.297228035324572,0.57561532850849,0.0586081670666062,0,192645.090671343,0.00284228,65481090.2533626,1e-04,1,0.152275085449219,351.088014125824,"1_285_5",1,285,5,1993,FALSE,TRUE,4,0.0158832730339634,5,FALSE
"59",2.7705375,0.7508539,0.0454108,0.915948,1.65366,0.9287337,0.00536942,1.484912,0.53627925,0.33959564,0.0231618,1.519708,2.807375,0.8797736,0.0237557,1.587626,1.4492925,0.8358983,0.0796712,1.213472,2.0384825,0.6532242,0.00649163,0.919894,0.6479222,0.921311838405708,0.787318594544911,0.961771189968766,0.0642171434667268,0.564442147824409,0.268194104744866,0.564442147824409,0.0640875965149059,0,127658.333865981,0.00184973,65481090.2533626,1e-04,1,0.153527975082397,351.250701189041,"1_285_6",1,285,6,1994,FALSE,TRUE,2,0.0142963327184943,5,FALSE
"60",2.7831075,0.7064851,0.0229637,0.909014,1.82488,0.9772059,0.00564003,1.427328,0.52223245,0.4337098,0.0322038,1.51068,2.8317375,0.9082272,0.00210932,1.542968,0.8958525,0.9627908,0.0857041,1.154692,2.11357,0.6345314,0.00717073,0.87692,0.6478235,0.92203219462268,0.792445895284624,0.958323675237579,0.0639225275055189,0.55759688422611,0.280026120830364,0.55759688422611,0.106138717007488,0,149473.141817631,0.00218291,65481090.2533626,1e-04,1,0.15002703666687,351.616363286972,"1_286_1",1,286,1,1996,FALSE,TRUE,3,0.0224998788777142,NA,NA
"61",2.79432,0.6842251,0.0597918,1.128744,1.6929275,0.9562829,0.00673206,1.152998,0.5459045,0.36393373,0.0227407,1.509126,2.752,0.813793,0.0288126,1.666218,2.14011,0.9743513,0.0677503,1.275376,1.9646575,0.6663184,0.00617721,1.026674,0.6512834,0.926079059659302,0.785850978672018,0.958358409281185,0.0622414963738412,0.566386276624047,0.279909406281352,0.566386276624047,0.0925483804282572,0,97791.4667214203,0.00139357,65481090.2533626,1e-04,1,0.160664081573486,352.271403074265,"1_286_5",1,286,5,2000,FALSE,TRUE,5,0.0200227992182988,1,FALSE
"62",2.8342525,0.7537379,0.0675686,0.812506,1.3694,0.7400795,0.0345114,0.71003,0.57943875,0.32232153,0.0209672,1.472494,2.6950575,0.8667844,0.00520092,1.633158,1.5062,0.9990935,0.0819334,1.157378,1.96599,0.6598399,0.00480336,1.14439,0.6475499,0.929870539873194,0.788075912143571,0.96298217524526,0.0606242713121632,0.563436316643404,0.263912089360842,0.563436316643404,0.0814648238213122,0,77977.560777701,0.00109095,65481090.2533626,1e-04,1,0.198596000671387,352.485696077347,"1_286_6",1,286,6,2001,FALSE,TRUE,3,0.017085803586913,3,FALSE
"63",1.6292675,0.6648771,0.0372831,1.593496,1.61388,0.4976541,0.0448083,1.469516,0.503262275,0.7663022,0.0223099,1.25136,2.80692,0.5617713,0.0434588,1.51949,1.8318975,0.31513148,0.0474456,1.494108,2.4188025,0.6199994,0.0454709,1.442534,0.5780405,0.906034262908336,0.856340221944934,0.800500020004999,0.0638206761526219,0.543692182044833,0.733833671949708,0.543692182044833,0.145398102944204,0,145386.875642403,0.0021205,65481090.2533626,1e-04,1,0.155879020690918,302.773108005524,"2_236_5",2,236,5,1650,TRUE,TRUE,5,0.0728147128651991,7,FALSE
"64",1.4072275,0.6716412,0.0369521,1.390334,1.6764325,0.7239522,0.0163028,1.242724,0.5857365,0.35829201,0.0276618,1.055368,2.9974475,0.5273747,0.0210217,1.457858,1.7248725,0.4934709,0.0540742,1.582876,2.29868,0.582625,0.0109373,0.912596,0.5397662,0.926971474260395,0.869370988697448,0.874237502852915,0.0567849495809872,0.459490843377617,0.608201483257242,0.459490843377617,0.275083057998159,0,50323.3403103658,0.000668584,65481090.2533626,1e-04,1,0.174772024154663,339.906960010529,"2_268_6",2,268,6,1875,TRUE,TRUE,3,0.0749422906678757,8,TRUE
"65",2.143275,0.5982084,0.0471147,1.337828,1.81791,0.9432146,0.0138063,1.099452,0.71067025,0.6504508,0.0375901,1.2254,2.7128775,0.3768005,0.0481085,1.579652,1.9409825,0.8247137,0.0580074,1.464468,2.8098875,0.5865989,0.00708802,1.098324,0.797612,0.883806394646255,0.861395191331263,0.645927191793925,0.0755372231224893,0.459452884150559,0.614604679618799,0.459452884150559,0.156289868748887,0,338663.140834537,0.00507243,65481090.2533626,1e-04,1,0.144177198410034,341.214681148529,"2_269_7",2,269,7,1883,TRUE,TRUE,2,0.0602904722828446,2,FALSE
"66",1.4072275,0.6716412,0.0369521,1.390334,1.6764325,0.7239522,0.0163028,1.242724,0.5857365,0.35829201,0.0276618,1.055368,2.9974475,0.5273747,0.0114066,1.457858,1.7248725,0.4934709,0.0540742,1.582876,2.29868,0.582625,0.0109373,0.912596,0.5397662,0.926971474260395,0.869370988697448,0.874237502852915,0.0567849495809872,0.459490843377617,0.608201483257242,0.459490843377617,0.275083057998159,0,50323.3403103658,0.000668584,65481090.2533626,1e-04,1,0.143833160400391,344.746011018753,"2_273_1",2,273,1,1905,TRUE,TRUE,3,0.0749422906678757,NA,NA
"67",1.4072275,0.6716412,0.0369521,1.390334,1.6764325,0.7239522,0.0163028,1.242724,0.7061865,0.5134552,0.0316743,1.032898,2.9974475,0.5273747,0.0210217,1.457858,1.7248725,0.4934709,0.0540742,1.582876,2.29868,0.582625,0.0109373,0.912596,0.5397662,0.926941109613795,0.869712352830333,0.874355232679123,0.0567967537062472,0.458890072156487,0.607916739307732,0.458890072156487,0.377054917070635,0,50323.3403103658,0.000668584,65481090.2533626,1e-04,1,0.147899866104126,349.559359073639,"2_277_3",2,277,3,1935,TRUE,TRUE,3,0.0912100831080942,8,FALSE
"68",1.4072275,0.6716412,0.0369521,1.390334,1.864295,0.8964133,0.0154025,1.242724,0.7061865,0.5134552,0.0316743,1.032898,2.9974475,0.5273747,0.0210217,1.457858,1.7248725,0.4934709,0.0540742,1.582876,2.29868,0.582625,0.0109373,0.912596,0.5397662,0.926950781864194,0.87098086055196,0.874189424694819,0.0567929939269505,0.456650683282171,0.608317727819749,0.456650683282171,0.375034946005351,0,50323.3403103658,0.000668584,65481090.2533626,1e-04,1,0.144906044006348,354.402579069138,"2_281_5",2,281,5,1965,TRUE,TRUE,2,0.0908981985102164,8,FALSE
"69",2.143275,0.5982084,0.0471147,1.337828,1.81791,0.9432146,0.0138063,1.099452,0.71067025,0.6504508,0.0493219,1.454828,2.98512,0.4812293,0.0441901,1.666552,1.8520075,0.8531085,0.0781515,1.761974,2.8863925,0.5865989,0.00708802,1.098324,0.797612,0.882528257157601,0.865355500554096,0.657530667983637,0.075951544121218,0.452841417655391,0.604450050612542,0.452841417655391,0.135304935818703,0,338663.140834537,0.00507243,65481090.2533626,1e-04,1,0.146944999694824,355.688977003098,"2_282_6",2,282,6,1973,TRUE,TRUE,1,0.0570947732681044,2,FALSE
"70",2.178375,0.8997131,0.0368986,1.481746,2.3912525,0.7331159,0.0160679,0.307726,0.52450705,0.6881381,0.0351258,0.988596,2.5987075,0.4449133,0.00703365,1.01498,2.3797225,0.8941215,0.0792253,0.570856,1.9816725,0.8475715,0.0268728,1.426282,0.5778107,0.928612164430487,0.889749676594582,0.856701328013456,0.0556273979852626,0.476294348765801,0.621938282567653,0.476294348765801,0.213822880078927,0,8969.48854291814,3.6982e-05,65481090.2533626,1e-04,1,0.159454107284546,204.284563064575,"3_177_4",3,177,4,1236,TRUE,TRUE,4,0.0677218766469314,6,FALSE
"71",2.0755475,0.599957,0.0519153,1.546048,2.2557975,0.7348379,0.0215084,0.339894,0.5270675,0.6767169,0.0346884,0.732214,2.64749,0.40612,0.00227987,1.051632,2.0877425,0.9060173,0.0890922,1.145346,1.485605,0.8543475,0.00977203,1.473884,0.6312848,0.584863215497957,0.453553215807941,0.682522345740224,0.145151560830852,0.959843132180178,0.853922922435509,0.959843132180178,0.0337599045233486,0,2440793.37413858,0.0371785,65481090.2533626,1e-04,1,0.165297985076904,232.11061501503,"3_201_7",3,201,7,1407,FALSE,TRUE,5,0.0824708254524125,4,FALSE
"72",2.405485,0.6842566,0.0596644,1.65952,2.5033775,0.8191004,0.0222576,0.223974,0.520894425,0.7198446,0.0352397,1.18367,2.38255,0.4501605,0.000480516,1.070666,2.305815,0.8561675,0.0933387,1.155434,1.43117,0.8547675,0.00793736,1.43781,0.6457133,0.648614874260138,0.461233541381288,0.772565285696107,0.136019135643424,0.893642102065068,0.690388383653289,0.893642102065068,0.0381427264115372,0,1979551.41454858,0.0301339,65481090.2533626,1e-04,1,0.15708589553833,293.416396141052,"3_252_2",3,252,2,1759,FALSE,TRUE,5,0.0619065019245781,1,FALSE
"73",2.37522,0.686981,0.0585276,1.692496,2.544135,0.9392288,0.0269491,0.1828216,0.52908975,0.70775,0.0349143,1.103666,2.4528025,0.422206,0.00103994,1.069334,2.305815,0.8561675,0.0933387,1.155434,1.43117,0.8547675,0.00793736,1.43781,0.6457133,0.648331899790416,0.459101981739887,0.780442257945914,0.136073893505927,0.895408146565052,0.678327581881915,0.895408146565052,0.0356884364098189,0,1979551.41454858,0.0301339,65481090.2533626,1e-04,1,0.156883955001831,298.296494960785,"3_256_4",3,256,4,1789,FALSE,TRUE,5,0.0603355300030949,1,FALSE
"74",2.3975475,0.8442318,0.0509094,1.196044,2.2634375,0.5721796,0.0243356,0.23456,0.52543375,0.6972542,0.0357459,1.45994,2.1997025,0.4797131,0.032191,0.906824,2.6821325,0.870409,0.0687633,0.39634,1.962405,0.8473881,0.0818008,1.536818,0.582593,0.919738751339634,0.866248143154153,0.864218335215521,0.0589833716818418,0.505703415881127,0.616755574101063,0.505703415881127,0.128209078707614,0,68142.6298022001,0.00094074,65481090.2533626,1e-04,1,0.147744178771973,306.598040103912,"3_263_5",3,263,5,1839,TRUE,TRUE,3,0.05784723201979,6,FALSE
"75",1.3677825,0.4145648,0.065369,1.187568,2.202755,0.3730275,0.0327545,0.73047,0.5132821,0.7197914,0.0354889,1.582066,2.5982475,0.8567555,0.00873528,1.425004,2.22788,0.9212416,0.0971337,1.081806,2.0165,0.8099955,0.0179917,1.259518,0.6418976,0.740477314857775,0.517861208859646,0.789718174605681,0.116895013877186,0.85890211510989,0.628621371866001,0.85890211510989,0.0231994962457671,0,1332937.93123953,0.0202581,65481090.2533626,1e-04,1,0.157372951507568,326.323030948639,"3_280_7",3,280,7,1960,FALSE,TRUE,3,0.0538505676008475,1,FALSE
"76",2.855525,0.8934131,0.0795791,1.150498,1.0510675,0.8311222,0.035034,1.37853,0.60851375,0.36431264,0.0476951,1.671568,2.61118,0.9288772,0.0104177,1.69951,2.9104975,0.6855222,0.0607899,1.684552,1.58819,0.6295054,0.023243,1.8047,0.6276941,0.00722423330911537,-0.0362422089989491,-0.141354641545997,0.219987876744353,1.39830848563906,1.61803966969417,1.39830848563906,0.0297025653124433,0,30155414.1066019,0.460467,65481090.2533626,1e-04,1,0.144605159759521,206.453572034836,"4_177_7",4,177,7,1239,FALSE,TRUE,5,0.179139074427112,6,FALSE
"77",2.9758125,0.4314278,0.0792689,1.867806,2.90893,0.5337832,0.0741808,0.216474,0.549855,0.4492652,0.0443787,1.490986,1.9692,0.8644891,0.00664513,1.904648,2.75329,0.6864196,0.0982918,0.598526,2.209635,0.9950342,0.02059,0.39912,0.6130718,0.789449339626028,0.661179702495568,0.880696703052724,0.0978990796499127,0.836412240447967,0.542890847701921,0.836412240447967,0.0386970677474747,0,804545.281226304,0.0121879,65481090.2533626,1e-04,1,0.171762943267822,305.058126211166,"4_262_5",4,262,5,1832,TRUE,TRUE,5,0.0433871741633482,1,TRUE
"78",2.758085,0.4188894,0.0604679,1.746296,0.7974825,0.377084,0.0851131,0.708828,0.52841275,0.4397347,0.0414007,1.120398,1.6822075,0.9267268,0.00532974,1.715584,2.92137,0.9524819,0.0712589,0.86157,1.6727075,0.5601865,0.00905546,1.76968,0.51955541,0.450649139257594,0.073441337566076,0.430144391163238,0.157817394582817,1.29264156266483,1.35398422733211,1.29264156266483,0.0298655664583282,0,3298477.13895832,0.050278,65481090.2533626,1e-04,1,0.156464815139771,306.67215013504,"4_263_6",4,263,6,1840,FALSE,TRUE,5,0.145705250982775,4,FALSE
"79",1.728035,0.8190598,0.0282085,1.72397,0.8002975,0.8166189,0.0198651,0.876194,0.53385625,0.9070239,0.0244802,0.779488,2.6820725,0.6199952,0.0179174,0.284982,1.1508475,0.6089751,0.070708,1.100828,2.5277625,0.7650219,0.0260286,0.929584,0.5815688,0.931116750300975,0.893982826244636,0.869442406408842,0.0546428638058779,0.450229646107292,0.604774661418961,0.450229646107292,0.180293267714226,0,17735.220245202,0.000170862,65481090.2533626,1e-04,1,0.160897016525269,219.611927986145,"5_175_1",5,175,1,1219,TRUE,TRUE,1,0.061886542844202,7,FALSE
"80",1.728035,0.8190598,0.0282085,1.72397,0.8002975,0.8166189,0.0198651,0.876194,0.53385625,0.9070239,0.0244802,0.779488,2.6820725,0.6199952,0.0179174,0.284982,1.1508475,0.6089751,0.070708,1.100828,2.5277625,0.7650219,0.0260286,1.735186,0.5815688,0.92741379031193,0.881195726251737,0.86878421673266,0.056092358120865,0.476608747660328,0.606297192588523,0.476608747660328,0.156007403271753,0,17735.220245202,0.000170862,65481090.2533626,1e-04,1,0.159621953964233,241.77397608757,"5_192_2",5,192,2,1339,TRUE,TRUE,4,0.0593562545436865,6,FALSE
"81",1.728035,0.8190598,0.0282085,1.72397,0.8002975,0.8166189,0.0198651,0.876194,0.53385625,0.9070239,0.0244802,0.779488,2.6820725,0.6199952,0.0179174,0.284982,1.1508475,0.6089751,0.070708,1.100828,2.5277625,0.7650219,0.0260286,1.735186,0.5815688,0.92741379031193,0.881195726251737,0.86878421673266,0.056092358120865,0.476608747660328,0.606297192588523,0.476608747660328,0.156007403271753,0,17735.220245202,0.000170862,65481090.2533626,1e-04,1,0.323812961578369,252.676007032394,"5_200_6",5,200,6,1399,TRUE,TRUE,4,0.0593562545436865,NA,NA
"82",1.728035,0.8190598,0.0282085,1.72397,0.8002975,0.8166189,0.0198651,0.876194,0.53385625,0.8838098,0.0185202,0.947246,2.2458025,0.6334107,0.00983949,0.49503,1.1508475,0.6089751,0.070708,1.100828,2.5277625,0.7650219,0.0260286,1.735186,0.5815688,0.927423937953732,0.880676778179586,0.869121874361282,0.0560884370933327,0.477648548988656,0.605516597682206,0.477648548988656,0.154949495627979,0,17735.220245202,0.000170862,65481090.2533626,1e-04,1,0.150213956832886,258.8167719841,"5_205_1",5,205,1,1429,TRUE,TRUE,3,0.0591608087456907,6,FALSE
"83",1.728035,0.8190598,0.0282085,1.72397,0.8002975,0.8166189,0.0198651,1.293382,0.57404925,0.8584775,0.0306101,0.808668,2.5398175,0.652086,0.0244708,0.0880612,1.1508475,0.6089751,0.070708,1.100828,2.5277625,0.7650219,0.0260286,1.735186,0.5815688,0.927309335958143,0.881366077717981,0.86797946747677,0.0561327031443612,0.47626692441645,0.608153567584097,0.47626692441645,0.144023730653441,0,17735.220245202,0.000170862,65481090.2533626,1e-04,1,0.163990020751953,275.864376068115,"5_217_7",5,217,7,1519,TRUE,TRUE,2,0.0583450732260532,6,FALSE
"84",1.5925975,0.9106555,0.0106403,1.72397,0.8002975,0.8166189,0.0198651,1.293382,0.57404925,0.8584775,0.0306101,0.808668,2.5398175,0.652086,0.0244708,0.0880612,1.1508475,0.6089751,0.070708,1.100828,2.5277625,0.7650219,0.0260286,1.735186,0.5815688,0.927310099079911,0.881364201979182,0.867980566730283,0.0561324084971692,0.476270689565576,0.608151035719075,0.476270689565576,0.144008836143813,0,17735.220245202,0.000170862,65481090.2533626,1e-04,1,0.162792921066284,287.128967046738,"5_226_4",5,226,4,1579,TRUE,TRUE,2,0.0583433322708138,6,FALSE
"85",2.0754875,0.6614324,0.0309228,1.703162,0.55653725,0.6316971,0.00228711,1.731326,0.65510375,0.784596,0.0361745,0.732484,2.5596425,0.648894,0.0270669,0.0880612,1.1508475,0.6089751,0.070708,1.100828,2.5277625,0.7650219,0.0260286,1.735186,0.5815688,0.927408853831498,0.882276192521091,0.870395209542141,0.0560942654674651,0.474436536847527,0.602563811948997,0.474436536847527,0.14479071549111,0,17735.220245202,0.000170862,65481090.2533626,1e-04,1,0.161744832992554,292.185466051102,"5_230_6",5,230,6,1609,TRUE,TRUE,2,0.0578014980619381,6,FALSE
"86",2.017965,0.554527,0.0647188,1.800112,0.874665,0.3816851,0.00241308,1.860122,0.60071775,0.6908142,0.0382907,1.327488,1.7908775,0.5931355,0.0645154,1.978518,2.3796725,0.4323245,0.0848136,0.815458,2.3531675,0.7219698,0.0169183,1.624568,0.5831132,0.896165415887473,0.839490392110991,0.84032438087622,0.0670884336854318,0.553983071825665,0.668823960210738,0.553983071825665,0.134641112426718,0,210520.95016759,0.0031153,65481090.2533626,1e-04,1,0.161550045013428,296.772081136703,"5_234_5",5,234,5,1636,TRUE,TRUE,5,0.0643873157480335,7,FALSE
"87",2.017965,0.554527,0.0647188,1.800112,0.874665,0.3816851,0.00241308,1.860122,0.60071775,0.6908142,0.0382907,1.327488,1.7908775,0.5931355,0.0645154,1.978518,2.3796725,0.4323245,0.0848136,0.815458,2.3531675,0.7219698,0.0169183,1.624568,0.5831132,0.896165415887473,0.839490392110991,0.84032438087622,0.0670884336854318,0.553983071825665,0.668823960210738,0.553983071825665,0.134641112426718,0,210520.95016759,0.0031153,65481090.2533626,1e-04,1,0.149872064590454,306.882045030594,"5_243_2",5,243,2,1696,TRUE,TRUE,5,0.0643873157480335,NA,NA
"88",1.728035,0.8190598,0.0282085,1.72397,0.73167525,0.7547851,0.00483969,1.665298,0.53728375,0.8665296,0.0313955,0.93674,2.54596,0.652086,0.0244708,0.0880612,1.1508475,0.6089751,0.070708,1.100828,2.5277625,0.7650219,0.0260286,1.735186,0.5815688,0.927182955799169,0.881376957674232,0.867534981638106,0.0561814781781343,0.476245084617122,0.609176470996718,0.476245084617122,0.155055484920344,0,17735.220245202,0.000170862,65481090.2533626,1e-04,1,0.1651771068573,307.392279148102,"5_243_5",5,243,5,1699,TRUE,TRUE,3,0.059570463057542,6,FALSE
"89",1.728035,0.8190598,0.0340387,1.779024,0.71935525,0.7246319,0.0181962,1.293382,0.57404925,0.8584775,0.0306101,0.808668,2.5398175,0.652086,0.0244708,0.0880612,1.1508475,0.6089751,0.070708,1.100828,2.5277625,0.7650219,0.0260286,1.735186,0.5815688,0.927299136150239,0.881322542795925,0.868030455190902,0.0561366412202729,0.476354303899395,0.608036118600306,0.476354303899395,0.143256273050766,0,17735.220245202,0.000170862,65481090.2533626,1e-04,1,0.170023202896118,312.727540016174,"5_247_7",5,247,7,1729,TRUE,TRUE,2,0.0582569549423218,6,FALSE
"90",1.728035,0.8190598,0.0340387,1.779024,0.71935525,0.7246319,0.0181962,1.293382,0.57404925,0.8584775,0.0306101,0.808668,2.5398175,0.652086,0.0244708,0.0880612,1.1508475,0.6089751,0.070708,1.100828,2.466285,0.7449025,0.0260286,1.735186,0.5815688,0.927250483294797,0.881124963432631,0.867679005698432,0.056155421953774,0.476750666620756,0.608845213994416,0.476750666620756,0.143097510516121,0,17735.220245202,0.000170862,65481090.2533626,1e-04,1,0.187288045883179,318.051727056503,"5_252_2",5,252,2,1759,TRUE,TRUE,2,0.0583314659105355,6,FALSE
"91",1.6916725,0.7771102,0.0304542,1.747102,1.1102575,0.9546141,0.0277332,1.107212,0.5009801375,0.9011173,0.02888,0.795678,1.937745,0.6002069,0.0586847,1.655292,2.20739,0.4631252,0.0818413,0.88363,2.4128875,0.7524758,0.0244988,1.863628,0.5820209,0.907001001031221,0.849587704841414,0.838682089731843,0.0634915274959452,0.5362751170414,0.672254646082062,0.5362751170414,0.134109880646311,0,142092.851427122,0.00207019,65481090.2533626,1e-04,1,0.156991004943848,318.219286203384,"5_252_3",5,252,3,1760,TRUE,TRUE,4,0.0647410214162448,3,FALSE
"92",2.1834675,0.6304791,0.0595305,1.718026,0.776655,0.4586242,0.00575418,1.897608,0.63688525,0.6627442,0.0412516,1.63853,2.732085,0.6894961,0.0685701,1.643648,2.83528,0.5192498,0.0609441,1.64931,2.885635,0.7527943,0.0719619,0.617152,0.6350237,0.349969282387101,0.247138098723411,0.280704262354532,0.184017645794721,1.09426122863727,1.22700851750414,1.09426122863727,0.0317755721996166,0,5941285.01061814,0.0906419,65481090.2533626,1e-04,1,0.161493062973022,321.932002067566,"5_255_3",5,255,3,1781,FALSE,TRUE,5,0.129645374196135,6,FALSE
"93",2.1834675,0.6304791,0.0595305,1.718026,0.776655,0.4586242,0.00575418,1.897608,0.5720415,0.7218494,0.0368001,1.699476,2.716225,0.6920504,0.0664933,1.643648,2.83528,0.5192498,0.0609441,1.64931,2.885635,0.7527943,0.0719619,0.617152,0.6350237,0.351550415208607,0.248108862824804,0.280053361374343,0.18379370754268,1.09355551344004,1.22756356072678,1.09355551344004,0.024610996009592,0,5941285.01061814,0.0906419,65481090.2533626,1e-04,1,0.170577049255371,327.010554075241,"5_259_5",5,259,5,1811,FALSE,TRUE,4,0.129665196313844,6,FALSE
"94",1.728035,0.8190598,0.0340387,1.779024,0.71935525,0.8630905,0.0154226,1.160356,0.57404925,0.8584775,0.0306101,0.808668,2.5398175,0.652086,0.0244708,0.0880612,1.1508475,0.6089751,0.070708,1.100828,2.466285,0.7449025,0.0260286,1.735186,0.5815688,0.927242344155653,0.881328894214299,0.868103817140452,0.0561585631705866,0.476341556887321,0.607867091283925,0.476341556887321,0.143419743251452,0,17735.220245202,0.000170862,65481090.2533626,1e-04,1,0.170774936676025,328.400016069412,"5_260_6",5,260,6,1819,TRUE,TRUE,2,0.0582541325681946,6,FALSE
"95",1.5422675,0.9312026,0.0522764,1.834044,0.9171625,0.6082058,0.025499,1.45199,0.5174624,0.7732602,0.0344002,1.29544,1.9791025,0.5927939,0.0634575,1.59104,2.47994,0.4852312,0.0752496,0.785244,2.4595025,0.7440352,0.0255381,1.674796,0.5852408,0.917238356758321,0.877294902664493,0.851266702623182,0.0599489585326883,0.501975875640193,0.634106663176186,0.501975875640193,0.137994008350127,0,79095.8659575263,0.00110803,65481090.2533626,1e-04,1,0.178108930587769,328.938688993454,"5_261_2",5,261,2,1822,TRUE,TRUE,3,0.0606943425982071,7,TRUE
"96",1.644875,0.8769624,0.0550487,1.670854,0.765645,0.61304,0.00111009,1.813672,0.66206075,0.638303,0.0453697,1.166054,2.0263775,0.6016195,0.064468,1.655194,2.29361,0.6407327,0.0747558,1.404148,2.6167525,0.6688391,0.0605816,1.707578,0.5876852,0.918513184858518,0.87357887845242,0.85318151380163,0.0594854514876733,0.509520149450871,0.630011656101348,0.509520149450871,0.143663095958278,0,79643.8878752744,0.0011164,65481090.2533626,1e-04,1,0.151700973510742,332.40438914299,"5_264_1",5,264,1,1842,TRUE,TRUE,4,0.0607530514714483,6,FALSE
"97",1.939685,0.3863436,0.077746,1.460928,1.1126175,0.6446688,0.0483523,0.893574,0.56727075,0.7773685,0.0260368,0.82382,2.3235575,0.6215499,0.0309337,0.561726,1.485645,0.5737147,0.0711905,1.06765,2.4815525,0.7610893,0.0221223,1.082972,0.5822357,0.925481046466675,0.888442536891004,0.857831638821512,0.0568342341747907,0.46184398519979,0.631093921580184,0.46184398519979,0.256041041039366,0,51189.8958756461,0.000681819,65481090.2533626,1e-04,1,0.15512490272522,333.386377096176,"5_264_7",5,264,7,1848,TRUE,TRUE,3,0.0742402098466996,7,FALSE
"98",1.9541575,0.8753069,0.0315132,1.616024,0.8629525,0.3004338215,0.0172189,1.914484,0.66506375,0.7435193,0.036746,1.112644,1.7629925,0.5438044,0.0574424,1.746262,2.2254175,0.6891405,0.0769262,1.361272,1.75487,0.7310222,0.0170018,1.563436,0.5941028,0.927786439670789,0.89180353472851,0.855630428095066,0.0569209050397625,0.461982006570456,0.625201982398848,0.461982006570456,0.131204677881488,0,10491.5424868765,6.02285e-05,65481090.2533626,1e-04,1,0.150319814682007,335.272952079773,"5_266_4",5,266,4,1859,TRUE,TRUE,1,0.0590756311509034,6,FALSE
"99",2.30201,0.5321207,0.0547553,1.528998,0.8979925,0.4748586,0.0291773,1.574334,0.593567,0.6947153,0.0368001,1.699476,2.716225,0.6920504,0.0664933,1.643648,2.83528,0.3719516,0.0810648,0.738054,2.3981825,0.7080153,0.0206777,1.367102,0.5978279,0.633879028455903,0.479916901374328,0.680256994449668,0.128074362520232,1.01964334955947,0.920192754553152,1.01964334955947,0.0305291178158885,0,1822700.60138761,0.0277383,65481090.2533626,1e-04,1,0.166077852249146,337.367046117783,"5_268_2",5,268,2,1871,FALSE,TRUE,4,0.0908096664961764,4,FALSE
"100",1.939685,0.3863436,0.077746,1.460928,1.1126175,0.6446688,0.0483523,0.893574,0.56727075,0.7773685,0.0260368,0.82382,2.3235575,0.6215499,0.0309337,0.561726,1.485645,0.5737147,0.0711905,1.06765,2.4815525,0.7610893,0.0221223,1.30533,0.5822357,0.924116607126452,0.8845602882175,0.857107833127728,0.0573521903743388,0.469811446893783,0.632698390553697,0.469811446893783,0.227603423110539,0,51189.8958756461,0.000681819,65481090.2533626,1e-04,1,0.148658990859985,338.546300172806,"5_269_2",5,269,2,1878,TRUE,TRUE,3,0.0705521321000977,7,FALSE
"101",1.939685,0.3863436,0.077746,1.460928,1.1126175,0.6446688,0.0483523,0.893574,0.56727075,0.7773685,0.0260368,0.82382,2.3235575,0.6215499,0.0309337,0.561726,1.485645,0.35909169,0.0887012,1.06765,2.4815525,0.7610893,0.0221223,1.082972,0.5822357,0.925481046466675,0.888442536891004,0.857831638821512,0.0568342341747907,0.46184398519979,0.631093921580184,0.46184398519979,0.256041041039366,0,51189.8958756461,0.000681819,65481090.2533626,1e-04,1,0.148739099502563,343.660106182098,"5_273_4",5,273,4,1908,TRUE,TRUE,3,0.0742402098466996,NA,NA
"102",1.8623325,0.8778731,0.04476,1.6732,0.89187,0.5386601,0.03175,1.370288,0.54362025,0.7794629,0.0326603,1.180132,2.0612575,0.6109407,0.0244708,0.0880612,1.1508475,0.6089751,0.070708,1.100828,2.466285,0.7449025,0.0260286,1.735186,0.5815688,0.926715640043907,0.879986085328793,0.866960279180483,0.0563614669545131,0.479028969319271,0.610496503699833,0.479028969319271,0.123553652387879,0,17735.220245202,0.000170862,65481090.2533626,1e-04,1,0.182631969451904,343.851833105087,"5_273_5",5,273,5,1909,TRUE,TRUE,2,0.0567261951051535,6,FALSE
"103",1.939685,0.3863436,0.077746,1.726308,0.8349725,0.5205133,0.0148754,1.674746,0.56855275,0.7038524,0.0260368,0.82382,2.3235575,0.6215499,0.0309337,0.561726,1.485645,0.5737147,0.0711905,1.06765,2.4815525,0.7610893,0.0221223,1.082972,0.5822357,0.92508766714886,0.887594390579738,0.864319673985284,0.0569840483033158,0.463596308868648,0.616525377640762,0.463596308868648,0.257662161797126,0,51189.8958756461,0.000681819,65481090.2533626,1e-04,1,0.152573108673096,348.856343984604,"5_277_6",5,277,6,1938,TRUE,TRUE,5,0.0731384096637909,7,FALSE
"104",1.888675,0.9945183,0.0359164,1.736372,0.90447,0.4867243,0.0215809,1.490508,0.5190671,0.7849299,0.0268882,1.090912,2.9258625,0.6764691,0.0487136,1.503372,1.918335,0.6272206,0.0783045,1.267484,1.7192,0.7162431,0.0163138,1.65128,0.5863442,0.925766568890911,0.883933177532591,0.850353325588755,0.0567762699767103,0.488208786517587,0.636050720102659,0.488208786517587,0.0943461995956361,0,28821.304246539,0.000340181,65481090.2533626,1e-04,1,0.161534070968628,351.754353046417,"5_280_2",5,280,2,1955,TRUE,TRUE,1,0.0575530043327365,3,FALSE
"105",1.728035,0.8190598,0.0340387,1.779024,0.88232,0.6517689,0.054569,1.070868,0.57404925,0.8584775,0.0306101,0.808668,2.5398175,0.652086,0.0244708,0.0880612,1.1508475,0.6089751,0.070708,1.100828,2.466285,0.7449025,0.0260286,1.735186,0.5815688,0.927274816495197,0.880574003742862,0.866222308350323,0.0561460297579319,0.477854206755518,0.612187373034047,0.477854206755518,0.113600770011297,0,17735.220245202,0.000170862,65481090.2533626,1e-04,1,0.161720991134644,354.093674182892,"5_282_2",5,282,2,1969,TRUE,TRUE,1,0.0560992649321949,6,TRUE
"106",1.888675,0.9945183,0.0359164,1.657478,0.951415,0.675277,0.0367677,1.016468,0.5986395,0.8002494,0.0251105,1.104176,2.5114725,0.6764691,0.0487136,1.503372,1.918335,0.6272206,0.0783045,1.267484,1.7192,0.7162431,0.0163138,1.65128,0.5863442,0.925982906251621,0.883085619992793,0.84925678005726,0.0566934785026212,0.489988073555368,0.63837681779048,0.489988073555368,0.104345164355824,0,28821.304246539,0.000340181,65481090.2533626,1e-04,1,0.163513898849487,356.767584085464,"5_284_4",5,284,4,1985,TRUE,TRUE,2,0.0584974360863116,3,FALSE
"107",1.6096475,0.9391476,0.059153,1.804554,0.60611325,0.4917013,0.0120049,1.591248,0.57243475,0.7640839,0.0329058,1.439518,1.8224375,0.6120446,0.0487701,1.451442,2.316855,0.6829693,0.0651228,1.092184,2.528125,0.7374986,0.0368439,1.580672,0.5867468,0.926667654635905,0.88837912227772,0.856953333507289,0.0564306272582548,0.478767057683182,0.621866389018133,0.478767057683182,0.12444530913679,0,15910.313806555,0.00014299,65481090.2533626,1e-04,1,0.151401996612549,357.44668006897,"5_285_1",5,285,1,1989,TRUE,TRUE,2,0.0581105717630181,6,FALSE
